{
  "version": 1,
  "author": "Renato Marcondes",
  "editor": "wokwi",
  "parts": [
    { "type": "wokwi-arduino-uno", "id": "uno", "top": -37.8, "left": -58.2, "attrs": {} },
    { "type": "wokwi-servo", "id": "servo1", "top": 26.8, "left": 268.8, "attrs": {} },
    {
      "type": "wokwi-led",
      "id": "led1",
      "top": -166.8,
      "left": 80.6,
      "attrs": { "color": "red" }
    },
    {
      "type": "wokwi-resistor",
      "id": "r1",
      "top": -101.65,
      "left": 19.2,
      "attrs": { "value": "470" }
    }
  ],
  "connections": [
    [ "uno:GND.3", "servo1:GND", "black", [ "v38.3", "h128.8", "v-115.2" ] ],
    [ "servo1:V+", "uno:5V", "red", [ "h-9.6", "v115.3", "h-144", "v0", "h-9.6" ] ],
    [ "servo1:PWM", "uno:6", "orange", [ "h-48", "v-153.4", "h-76.8", "v0", "h-9.6" ] ],
    [ "r1:2", "led1:C", "green", [ "v0", "h8.4" ] ],
    [ "uno:GND.1", "r1:1", "green", [ "v-48", "h-38.1" ] ],
    [ "uno:8", "led1:A", "green", [ "v-96", "h-9.2" ] ]
  ],
  "dependencies": {}
}